-3.541333522670172,17.207195731668918,-0.12491059497836199,9.92181077365829,0.0227321176915223
-3.2344438193073017,10.844129668041326,0.3805470878289934,7.3899261111313885,0.034800392402283824
3.920815574396446,15.71223574310519,1.3425012421029896,6.499880638950576,0.025050987527470956
-3.08796478983057,15.080200738455488,-0.6726668504258702,4.013045273110303,0.026117560289921647
3.0522850494635456,14.804561530038598,-1.208615322919826,1.0962189841018692,0.02585396857334734
-0.8028222522209454,14.441243588476976,-1.2675078360247616,11.149273057009298,0.027610904732137738
-5.280313925488582,10.566012878543438,-1.9604323783785333,1.2463746668263598,0.03593861016926915
1.411784505265567,10.086121891416491,-0.5411931608027767,3.4906898027565285,0.03881900756476406
2.6108872063227153,10.593020815268508,-0.6666153116946432,10.155702964336358,0.03590069146443971
4.102960101253213,18.136075792058584,0.13677882759355775,7.653281521650939,0.021477394447697865
2.7330979378943194,10.189815239258698,-0.6918546801008731,14.12936244017527,0.03700086493670528
5.158253524126772,13.042307268240258,-0.9885503071854478,3.842622289857347,0.02737301592975203
8.805723124014467,18.34984215008524,-0.8216611882412659,8.429739380395711,0.018945434329632853
-0.1451129173798975,13.183180982798367,0.558020744887409,10.702846467962438,0.030218446533202423
8.938621887589878,11.533200332567215,-0.5143002066539455,10.760519185583506,0.024721979239031997
-5.735301750769355,12.948850653806474,1.6943962107843782,11.92312613771857,0.026133084474946573
-6.013610809394187,15.747912462014558,-1.266739210402399,0.3266272903515749,0.0242079071957618
4.905418578060225,18.071126521704365,1.4187758322218946,1.925877026091345,0.02166912385621674
2.9692875668276475,19.942839670711315,-1.7664843036383138,9.169253520627723,0.019448135928840357
2.528916039350751,13.456392972665352,-1.29957926764174,11.710907078392001,0.028471087835231945
-4.048543114118257,16.220056551226204,0.49881974755685077,11.22518056046228,0.023647772851120782
2.9370262934196454,15.279390779217469,0.4517185537257724,9.679730838851906,0.02576670358348027
9.767022642278437,14.874494370670412,1.5021507917451702,8.309637032443403,0.022984052151275105
-7.2844062671659815,11.595676370225041,-1.5903277246910061,11.014263465144094,0.03049669982530809
-3.015271000112893,14.768668502914338,-1.863642991261575,10.97189016375189,0.026930744032490263
2.7773548190741355,18.230570579589873,-1.2450620339529985,12.934118988072289,0.02135691481746039
-6.4982765070744435,12.050301950702476,1.2000154368959088,5.922800441841333,0.026995351125586323
7.604280519211663,19.202408764237923,1.2965357932643435,6.906724519516937,0.01968445249895018
5.157117676822683,12.720655078719426,1.2380277232317263,5.483554461121237,0.029908130573711535
-6.919991568297672,13.4379049642682,-1.9496391751915914,7.634478037343818,0.02772496705276586
8.75594541461021,17.061377676377287,-0.4349237549048688,8.254796911765775,0.02022467930109643
0.802987516294543,12.037443262428306,-1.9603833381019342,12.393157762327347,0.032279899472077975
7.894150393771511,16.42769265181346,1.8000673433673118,3.9553784708193103,0.022669969141598217
1.7709613977936467,12.848108494252884,-1.8547010518992306,3.0458126556921923,0.02983861453292949
8.975221131936184,15.41572635828205,0.23968544178693518,9.12993797627104,0.022040343620845004
-2.672588480444391,11.602268199430583,0.8348515232220772,1.8063443992582595,0.03284900813506687
7.809101043034865,14.911795673991795,0.39918357045264274,4.174542461551175,0.02364617056797761
-9.739405985934749,11.379519083322872,0.5971224761410392,0.577004910615842,0.02320705488007333
2.1840018060809854,14.031467209102672,0.04853505159145266,5.879594825700397,0.028104597916957103
-6.054216927188996,14.649810400741096,1.9117433720148802,7.4340247844579395,0.023489479693556654
-9.198259097328577,11.456197941370299,-1.927927687323912,3.439238416359153,0.028471814598929952
-7.578644572130764,14.655556562329467,0.5810575071772881,7.585593695011438,0.023312822221864333
3.967227244035932,19.17537198359804,-0.5202642329614733,14.626468859622117,0.02024294734262501
9.289339307234691,15.390551301154659,1.2527221062814564,14.876410497626956,0.022617585172152038
-3.5772757526107295,14.14154658418196,-0.10193999143734533,12.583175820140497,0.02737149935861688
8.331047128114015,11.933495774355508,0.9611091527216242,3.66302216457107,0.02762614013405456
-2.2824855685724854,15.846715283880282,1.8690210056613754,2.424333183903305,0.024325811959196558
-6.2715750240263475,15.393954800098616,1.5156299158958682,9.634168287252313,0.022803044685255056
0.5035875891533976,10.327408557155609,0.2848697231793933,5.605555988490616,0.03862080410663339
2.7817367924546605,19.228549953908868,-1.4358910309701747,1.9003548620317217,0.02025426010241921
-7.852021752999985,13.60643606142549,-0.7129235167242047,13.753240916849279,0.025549722230052207
9.014213786748243,16.185207673428366,0.15933130081030145,2.426869733259701,0.021222487081826225
0.05238296209955351,10.079089406959277,-0.04248704575856044,7.406514826113122,0.0395794294795057
-1.4457083870954524,17.633268338958025,0.6568884635600512,2.634463298931249,0.022464139832087174
6.070672288818706,13.851613966599391,-0.8700061568688944,3.870201980789119,0.02540326218782475
7.686058228076355,19.53727395729461,0.7724488215164875,10.741911211190962,0.019180256824544082
-9.585067414232562,13.539764540225635,0.6503062242466906,12.128035467659913,0.02214155814450559
-5.541458022284084,11.8322454081065,1.626576262422521,12.174678765525067,0.02806402162453378
-9.559344078330195,13.535256149855462,1.4128496820373377,1.5153298319706239,0.021220164118999813
2.244462375691745,10.458259504286229,1.605223061841052,4.113902928560938,0.03807495401219602
4.701706545780972,17.247922917653717,-0.4979873327446209,9.600328901103254,0.02210234240599904
-1.860933282155674,13.812143009504839,1.8640214720175692,14.009916280418363,0.027851952904393514
-2.334312603354456,10.331397718355078,0.7664101820849303,8.473456675901446,0.0369140156690988
-5.910317999506718,17.874090660656563,-0.6955014971928235,0.6345249099782768,0.0213895968266341
5.480330793544612,14.400123993750753,1.154108520907573,7.393681567811466,0.026481621966499263
3.6466033452640207,16.767024412924677,-1.149658881102825,4.996265544841573,0.022839451807271566
8.181541701809827,14.245514134376226,-0.8630401719615146,3.491216832860282,0.022892766876228345
-7.774053535404548,18.006504605941405,1.8518333704116139,7.192854066102386,0.01920550003746251
-1.2662857109151737,14.059065592534182,1.5521749111087981,10.975775862539798,0.027811640136869164
3.775085220285172,14.199002296651651,0.4465935453962899,14.025051248502066,0.02733503768335436
4.2929515048167985,10.670246673097813,-0.8107445080955489,13.049599482923911,0.033346968590443955
-8.268692677136658,15.446353366625516,0.7047350964447832,5.9461579878469015,0.0218171701676227
0.08380586686117475,14.306966220966673,1.4504143631396489,14.474475598468153,0.027757556136148533
7.164302220605933,19.214197018412662,-1.6134244145355794,5.671362838770685,0.018705507342009806
1.2801755088189672,19.88643937513769,0.41260579526576135,1.4919695611643002,0.020041939686029502
1.9931149710365794,16.922219194177718,0.14102082610983135,9.521159377384496,0.023434279056670622
3.280972330885131,14.344258616374539,-0.38070745417111995,9.546082136979818,0.02692042310768052
-9.83181255470328,19.01400911914519,-0.027253946105126214,6.323051182752887,0.018369536490456462
5.771191390444416,18.009489505501122,-0.06992523409320528,8.007558032361537,0.021016780217703306
-5.290887239382178,12.764342425041555,1.806302763824391,12.445766980880773,0.02677808470858634
0.9590053787388051,10.533595645436604,-0.24369561547738305,4.849058611730884,0.03762725840916918
-6.511272579480734,19.58170389894032,-0.024726924641098158,10.290196480834094,0.019285548086703224
-8.620488915331252,14.381010848387454,0.010811547065673999,12.970420762921686,0.023168548404543896
1.6541645247682126,11.06386219511067,-1.535401493783343,11.311277381546915,0.03459046104887617
7.655749456878208,11.389169672330631,1.0998664203960065,3.623222358769098,0.02968026041579176
-6.424501063775621,15.564308288676848,-1.265792690395001,3.3950417320051307,0.024261932778283313
1.607626314197315,10.405807230151806,0.2855038645350807,6.133865654723375,0.038030218502349104
-7.787399534962923,19.52737053022942,-1.0479339059051247,11.165045082560772,0.019248681551421964
-4.90064155516357,16.51134368240376,-1.2536672362993921,6.874408123152399,0.02357945551539221
-1.209170019369079,10.349820240863972,0.4647796125095449,6.542399015283798,0.0380449423325316
-9.983928004606096,14.834161560333936,0.6649576655996983,9.180349046721563,0.020784777218395632
0.6761931708431099,10.026777205015614,-1.6661351735284753,10.633619874027996,0.03871671139519236
9.760173568734537,14.466595129942448,-0.3298631834829395,4.664598130512385,0.021622649264899776
0.3405858155673318,11.33973086320985,1.765823937641505,11.77052020532945,0.03490415151357884
7.65812257092869,10.489435398865362,0.9618008734500445,0.12684060199744052,0.031021453530122166
-6.692246808117308,10.84448797770855,-0.735859623671594,3.276354054433572,0.03163674913410148
2.668230441715643,14.612772584547713,0.44705849679213205,8.007520252908458,0.026987355663799558
7.970580639710544,15.41685877337553,0.33132515051563827,13.282440057118865,0.022887444686824143
7.780107411065522,17.44098106111145,-0.78468728261352,2.085657239048104,0.020275590727020815
5.170356233405858,11.613895828513293,-1.4508648680053828,2.669478947790127,0.02919801173466494
1.4963876317099292,17.869664058528567,0.6806146688813111,8.869718851079742,0.02230186252943366
0.42861260454808026,19.608496749419963,1.8650919641504706,5.957785289437037,0.020290857155840506
-2.2126477128656674,17.6223678253704,-1.2806225234771715,13.880765772039801,0.022606763716306117
-3.2778109896503382,15.955183934842541,0.9134234959165246,8.720650157689558,0.024155944030615686
-5.090918922132639,11.434878877958841,-1.8684229576709392,10.777088346569686,0.03352995657812029
0.692125610330427,11.944872389569653,-0.8014452126852207,3.8450555903944554,0.03313855191734421
8.475749450386083,15.894918145009814,1.7535640973034026,0.019553701231231346,0.022951633807131406
0.17702434015344082,16.80644135203153,1.969272468645273,12.713959434842439,0.023602872381860946
-0.8232940052141942,12.445041234752185,-0.4493872592871848,2.526881258387749,0.032041859472898324
5.961495646839497,17.512918385470428,1.6116884556602584,11.134368610102504,0.022087953327627034
-9.471053071501354,12.556559304164685,0.017329866891769186,7.5200691593953,0.02388066090804345
5.630319662803057,19.450091026996944,-1.610873167411584,3.5854179637297277,0.019137749660877865
-2.9443807390111427,15.582296090307574,1.214051385050317,2.5051818752702113,0.024706634342307864
2.418942424031238,14.70535814586834,0.3570601139612779,13.110678216479881,0.02686367431226972
8.28116881165101,12.295984780049725,-0.2326503972549494,12.093730125997993,0.025529397446500263
-3.049060564861003,17.23463126242693,-0.7187806770441343,12.928906709777115,0.022937088446426234
-1.0662289166615935,19.626129144358778,1.1627768142239798,1.1098488045426402,0.020196422645332963
-5.246936836691436,16.665102672900414,0.3870022792640482,9.58746076153067,0.02260915386812426
0.7456553522949001,14.592129856740218,-0.34202990984713555,11.183501903306027,0.02726370605914539
7.4385051247185885,14.991687874787406,0.7683064713535686,11.232596621019738,0.024103114425548876
-3.7580404701173187,17.95049736725498,1.1442432338060207,3.778927403412399,0.021411048504083586
0.44899644703998653,12.924959659570682,0.28391033988713765,8.320866564126344,0.030863519140376452
-0.09126862771433153,10.558958882718176,-0.7152112157357444,11.357542966181976,0.03771644371801735
5.246369077942077,15.148380845940743,1.769528482897179,7.845836784359209,0.02565102721616256
-2.8692904297325477,17.966273001398925,0.2576172535981578,2.1245306398279737,0.02187129287994365
-1.1557926653610977,16.242655478963798,-1.6063342878314422,0.9043445441600828,0.024551948175666263
-3.7105010459410037,11.235565885817344,0.43135776007926774,7.558320191395239,0.03317462947392549
-1.4297884826155478,11.535002115615562,-1.01460515442189,2.176511765758754,0.03456297112341041
-5.587221141115355,14.508999765243942,-1.6979557656372077,0.672188047629026,0.02652585319253424
4.949898066540248,19.631170139701986,-0.8378164477265111,3.6437340848617596,0.019457603484781472
1.7651542668417122,12.321586980945131,-0.980986404141436,6.707192460620489,0.031583282543399205
-9.397735010330175,15.888005930337982,-0.914105371199327,3.618867128548085,0.021773492119860235
-4.228712570462347,12.171962228425299,-1.1719599535684058,1.7056633347806511,0.03175811612666575
-1.9619560909603173,18.584383792035062,1.6750855893067693,5.912823564480117,0.021059358271454776
-0.3380707270451371,10.357925241133696,1.7598305971490489,13.164463195917135,0.03773369378913249
-5.748835673262633,12.048313313446203,-1.8982683202934365,7.711804359183803,0.031463304853184756
6.2334726427279215,11.584566495380708,1.8920073759241527,0.7172423210725537,0.032102034481324065
-5.005943624830486,13.498036349185433,0.40049799032318534,13.489380362956563,0.027277391706479415
-7.8883391525936215,15.352788404449257,1.51270055027399,13.544901715931088,0.02154282803487377
-3.3725819028147157,12.854926111334283,-1.9813147760738206,11.02764441815436,0.030852968448506386
-7.089931657518496,14.636034507140034,0.5138779196811871,14.963487964280517,0.023816442061787246
-1.5649328839112293,17.28599940438419,0.13497440624716806,14.37164999665775,0.022967598575423975
-5.326017606609819,14.85303904423056,1.3425361740670114,13.388733301060139,0.024284193848375005
3.2945085512386107,14.733856650895412,-1.4249048743012978,12.291360027788315,0.025722580429688564
2.000310755912956,13.644409949627377,-1.1621218854711381,2.626464821723094,0.028463626764066035
9.593839188510035,13.191860965138957,-0.8474566059607986,9.575319799059823,0.02210898980696365
8.224140188865906,14.46085712815073,1.2826010414659375,13.188097408789378,0.024585586989969172
-7.71438485804238,14.982368016275636,-1.7375278052088596,7.230276138172299,0.024590783068076213
-1.937431695694002,19.47087822716719,1.9964217089319822,10.080431941385113,0.020075239386590178
-4.031694748871876,17.79582173813482,-1.4431182649726306,11.41095731742689,0.02218183641908972
-1.8935627045601748,19.795715487643115,1.799962901327289,6.268975939094722,0.019805205085742385
7.885962069721671,16.748526509559998,-1.4707665491906337,14.654239353489695,0.020378003716365466
-4.449405419347155,13.579395807328584,-0.32287430983564835,14.764005411953816,0.028052872825626105
3.7367259845281264,14.216905870494667,-0.16338793011902686,1.7419114673018221,0.02702484562251561
-9.446700185859363,14.901666335045999,1.9640733508913382,6.028588755946838,0.019968704884497354
4.180794171325271,16.70606830704783,1.187562672726688,6.266258442195468,0.023499842524210585
-7.384588502802005,19.041636313182682,1.3929518617751229,11.15778800131732,0.018839281124019447
4.938478420327568,10.510481453533341,0.6237255952842609,7.7226875089216085,0.034889321530802764
-3.630029594526791,12.099942628262282,-1.6815285550903831,5.028259035365731,0.03254585685534783
8.368973256070873,10.42457755440241,1.0233957269904814,2.7036082196762474,0.02985617004322834
-2.8271888709076887,15.487245092828514,1.4554741607580954,2.3674691245279433,0.0247931146905385
9.42046538786759,18.261095780894394,-1.3448697306548802,2.517788357723725,0.018361851166375565
-8.115176141656049,18.286869887091562,-1.5443866426002346,8.44174743419767,0.020451964868866034
-6.157797213526102,10.434976869250399,-0.3904692959907963,13.309407867507842,0.03281609890748867
-4.763511675901977,12.999409046215805,-0.3487306399594905,9.812393017814959,0.028969513541343365
-8.45084661997787,16.370622455343184,1.9373233634481477,13.501023011254512,0.01992537523060391
7.165312307449984,12.677091813995924,-0.7051740795418158,14.359053403233752,0.025953254837391342
-6.970123119733573,11.990330474748555,-1.6781363919221564,7.134665083889598,0.030184220925537686
-8.48320739554952,19.955737760456948,-0.37856589327876744,3.519595453922866,0.018408801406504232
1.688232132602554,15.041720418722038,-0.8858105963666065,10.435288239208534,0.026136866812926922
-8.50047077871558,10.992107111596152,0.06338615609538367,8.445687332707575,0.026793183367553947
0.009551994571806333,11.521960038623465,0.5587483192419498,12.67078930625816,0.03458520460167784
-7.714889165229193,19.814457220226878,-1.0557732238600863,0.5233091105339216,0.019028392009117517
-7.558098569212581,14.956606320677778,0.0379232332798618,1.1328140371086741,0.02344593977710539
6.143404826744806,11.094120551636514,-0.019274838033705333,10.45741095972164,0.03081854303228757
-7.116950512111111,12.790872994166907,1.1634822874140376,8.812573447287093,0.025293328045391618
0.5038697781817714,11.845916018744985,0.9208335755329711,8.869938374085862,0.03365676561749948
9.663782013333481,16.651138512528156,0.5430773924310799,12.095882343117214,0.020621241603316135
-5.666479099595878,15.065204793645144,-1.3542428443417487,0.11044436122189805,0.02541813363188759
5.918174307736274,15.734503417692656,1.0499166772425,4.551646267687822,0.024169621873903542
-6.777832071641572,10.809404739891384,-1.935739702014434,4.728502349639055,0.033383767248143126
-1.7685477863043157,15.08421437990063,1.4237354528904547,6.638010189039887,0.025861986089543914
-1.4344441957079326,12.731775710004904,1.12733382654825,14.807145679249421,0.030706453530405683
1.4560675363383897,13.008764344867611,1.0311917087910971,14.900390133152602,0.03065084015420985
-8.76297068405547,10.575286946835591,1.2913491604354426,10.106546188551745,0.02400701723082743
-7.4133910030483685,14.402480194579715,-0.3861903896459524,2.9856052203912675,0.024591117581770853
-4.861650813637912,11.63438039787082,1.7578231905667883,6.717155643600851,0.02916576503084612
-8.415821957796174,19.225414878678546,0.8515973430406247,0.5463307492032954,0.01847470246211805
-8.979716687351715,16.69244274575307,0.817920099879855,8.671522857378905,0.0201178049905464
2.040852647472482,17.900352069952504,1.570463576662049,9.860088332862137,0.02227914618878161
-4.036403372554509,18.44279676034703,0.6298138717402693,6.71401326214405,0.020949939722106566
-0.42513797071897663,17.884737693191916,1.4215580307129048,3.7369945153563586,0.0221877026158823
8.911069985982532,12.901026042216753,0.7570376304715203,7.177640989405028,0.02532442371375176
0.8471006207699094,18.17535107479049,0.8606604443434045,12.040484878052077,0.02194962659782348
7.641165741030662,16.816446072533545,-1.2040559345460813,2.6672394377863773,0.020658535322189833
-8.91039383764539,11.00352894476348,0.2557437595912746,7.895233163327882,0.025626865196255195
7.573970259591391,16.590532137502272,1.420402218422304,9.998184294987572,0.022447921777491275
-6.963378232165994,12.478750642722463,1.950835672465208,13.406484550225976,0.024770179323324478
-2.1999616547726024,16.710118457937035,-1.828144369529951,4.589889964958836,0.023868384526246376
5.148875609786803,16.43840319840096,-1.8856952520691155,8.465019814350908,0.02214545392890356
-5.277240163918013,18.203180209661056,-0.6771330206226502,4.263297948604049,0.021227330274827347
2.0216964453918074,18.261534712776623,0.19969462754273604,9.961971630475096,0.02173757945590423
-1.2951208460487766,10.125010604693326,0.14227351831792312,4.141575782200588,0.03900660901049776
-5.132410463198616,17.904407930355873,-1.1527676828437947,2.487711202945748,0.0217381212932685
4.109789713581961,19.582606432530348,-1.1099205699612518,8.103244076018163,0.019661275777533214
-5.036094060646537,13.915670847822785,0.05413560338211143,5.3390219002453,0.026813340613870102
-1.8717730359859086,18.30507460401462,0.8702093181600046,0.9869532748115811,0.02155093854943941
7.956218237857314,12.688952002787133,0.44184388748549885,9.40878109628514,0.026383417995318393
8.780990464802109,16.267870787418197,1.8692477873992654,9.497126006288926,0.022406859009932972
-8.091959080355116,19.71069512716509,1.4482978728207705,1.2823690182001606,0.01800267700565961
7.48831236143506,15.378683051761953,1.3092907350762588,13.509684068779736,0.02392960208285471
-3.01249347252803,12.061046545874458,-0.7266064432039432,10.615020103529817,0.03248815778729217
-3.4034965921520204,18.732775555806672,0.4430327394581237,13.227081847416256,0.020852220457454704
9.681638016135153,13.925606950639992,0.40573426472624563,0.6143406956950831,0.022948212440197346
-2.747499692156808,13.445601099917205,1.9192157202666404,6.381860627945301,0.02793644386188974
9.428824134552084,19.37585817287578,1.5588073388581996,10.202206233724109,0.018959388321569664
-1.983065056509819,17.570496908683587,0.04656412117471165,8.43794615627729,0.022554258175157566
-9.439858017538691,19.176081130294406,1.8447090709159677,0.180262323929547,0.017496554499442474
9.606357755984252,14.109276261296486,0.08433134257873665,12.488904918718454,0.022516644092659716
7.440136394709828,10.87457475164611,0.013543567577530613,14.473242514214176,0.02905502239491909
-3.8447654940718223,17.623528474915666,1.8875824658578995,14.302380708681751,0.02147055925233852
5.697690616529885,13.936988403453011,-1.4133791640367415,11.27432883508845,0.025131023285300053
-1.611655344796457,11.454437995383719,0.23533814641862483,6.70993019582506,0.034378769197292124
7.43760671445817,14.179582913053956,1.7115781394198915,12.66676491059146,0.02593199424229992
9.094202832570165,16.058938155261835,-0.8302946574160068,1.2914729166832184,0.020523823229795
3.3235270570551734,14.260229508075376,-1.4324494038663667,10.045948261992486,0.02646244795440776
6.290133860334464,11.47000968298754,-1.3258810470363378,4.053578314297267,0.027900290775649473
9.422816651182359,19.484960202021732,1.148515160263143,11.416217307158758,0.018709094674032086
-5.530380325018678,19.388936617404752,1.0188195227246095,10.550805581183614,0.019434821336005662
-8.295965461249006,10.6878837889784,-1.747065952467028,5.38655017897637,0.030937855385257295
9.322550556261255,12.917334405331928,1.101693266967776,14.649319268422582,0.025222362830102065
6.07761687092102,18.442276879301183,0.5078217151759157,10.439397682991192,0.020667560266541197
6.3189985505926245,14.43675873859922,-1.887402961566481,13.881992280136831,0.02351123169102276
6.870398821582427,15.360666746988558,0.2553601766649649,6.796866064793527,0.02367164244944517
-1.4528579239964028,14.643711919877271,-1.1507039327359543,13.09422424528104,0.027237449551771053
1.6245995962253001,15.74171251488439,-0.8698110037025,1.9584702309327096,0.02502682215097601
-5.8040325079109785,18.247856878350433,0.013136951034121935,1.8296840920455941,0.02077928765122195
-4.888106325282506,14.321703758087196,1.1554934029679127,4.734675887853112,0.025482789593165453
9.073368724591543,14.341250036621584,1.8125822624644288,4.655204928554368,0.024471607068352594
-9.546802538520765,18.388483573254334,-1.8139831020063868,1.3504477781178008,0.019859281457796384
-5.4497258446508585,11.946408886848474,-1.7972679157505058,7.374042849127104,0.03186947006986283
0.2347916503530243,10.015613182520484,-0.4738780546577752,0.9430257194138397,0.03973245305975031
6.321422314253272,13.751025104969615,-1.911044410038579,0.8267222936097035,0.024251885547932922
5.511408030623315,17.674585045212943,-1.4489749106774008,11.52814350219003,0.020887415837933805
4.373414540878535,13.537134814188807,0.8227605732633987,12.72868505521969,0.02847373573959611
5.586901786542365,18.982904153786286,-1.8406695840869962,6.2589124631798025,0.019467164169880192
-0.4493328044907159,15.312559285267882,-1.6819773563149396,1.7439636645120993,0.02596899554402602
6.463140251990925,18.845842922537084,1.8849875537774983,3.5515889257322497,0.020553223170316177
7.1098893520499615,14.6524296964535,1.1157023190192206,1.7440936744627478,0.02504145306959836
0.8477281295489121,19.749685992759865,-1.5032023158909844,13.402438271748611,0.020057323078312025
-7.3462904043741295,15.25860663288439,-1.2748279395823983,7.95149015638123,0.024155429713152776
-2.388808358057217,13.464279378107584,0.9135938447571359,10.96992433563748,0.028751717870312176
0.8340815826513914,16.24480712874101,1.5702807351870236,0.4164987965783218,0.02453293600385353
3.584258463456978,15.912689619487509,1.2632199216510624,12.246432750013758,0.024805419829512003
2.216087068789248,18.155253880791697,0.868278715654244,9.027350591537552,0.02191346136696144
5.585842637242653,19.46579296119127,0.9134336294991434,0.3937548101392202,0.01991255423960578
-1.3072355765499388,18.224655487789637,-0.23027059963146534,8.002226619960826,0.021852062923192167
5.572373859308453,19.419602527269923,-0.6971418570036438,10.066545292454146,0.019500096236125666
-7.1584107661287995,17.88733316393851,-1.9124673392109814,1.5626651304404093,0.021364234273675453
6.79908376239365,13.913147325870913,-1.5998924684905163,5.797976435608258,0.023897470439242178
-8.386770794028632,18.043306282654058,1.9431835261330876,6.237517311368421,0.018768101956875227
-6.116114548735439,19.044715754413545,0.6192113439248135,4.271804760343006,0.019677776416637184
-0.256801972131079,10.089146461892401,-1.3416066321300502,13.9966791762117,0.0393138165419793
-5.335537650098399,13.444275421663077,-0.9805376060578368,9.055070366183067,0.02815706009244101
3.277039790991914,13.221416496080014,-1.7798034908945684,9.163813195079259,0.028045711338196076
-3.260804093404646,19.059882928155552,-0.38218592402330076,5.115648622291723,0.02069363007982227
8.599655372634466,11.0205037714104,-0.35233122471597644,10.807282747120542,0.02602717724020618
-3.41744299089582,17.415894750481215,0.6419512917546784,9.198868190753798,0.022292917265317146
7.3594138487815,12.82266186183918,1.5883817757216554,11.058512912922975,0.028115566851891313
4.125584248392354,13.100792796372833,-1.447840321363158,10.8874212228524,0.0278170777737348
2.6776563177429047,17.888072997280688,1.4727192833835603,13.557001910792849,0.02225159956595489
-9.307924477770975,18.742436446658957,-0.3398804258609345,2.918780895948939,0.018983131066486976
-2.9657715021032622,12.872743089680945,0.5541791745951761,4.9711965843293004,0.029854013939761694
-6.818881945682051,18.22855353344148,1.172747828160908,3.0843403968682326,0.019880207686831273
7.219665126301678,15.612042679022505,1.16378702787955,11.294456356934155,0.023701581693419762
-7.613420405052045,17.43028438023739,-1.5107855363642155,3.7845029362716436,0.02152718800173295
-3.255353124740874,10.723705112406881,-0.49325351726309297,4.3653185018738325,0.03598812396531302
8.34418960412443,14.18658904376414,0.5792572673110863,14.063930976708448,0.024209071032169648
1.0973592210844707,15.038096733880405,-1.670550016032891,12.8112883612251,0.02608318816735485
0.5968321400904877,11.807330616509875,0.2709209239417829,2.701180123756168,0.03377480873691365
6.239376515365333,13.363567939457662,0.7849765322690949,0.3653697092538477,0.027467116251581155
6.268676422977482,12.852849721656845,-0.7241557773593366,4.676932009669078,0.026769036353323103
5.730695477559866,17.594702333699907,-0.17479924782855427,8.254557440695333,0.021432139035140924
-6.161228286123306,12.447839110691586,0.7802218592617827,12.09504904849528,0.027434102452686095
6.87454657461938,14.671271128669108,-1.5523619199134915,12.109507220691608,0.02305697636428364
-4.49527184226485,12.887333271752793,-0.5704354278234662,9.380666397909954,0.029553332266020197
1.2726028871283486,11.395710394143975,1.1251511882049101,12.594605953235208,0.03500517930166215
6.0271115714719095,13.792624864776858,-0.46461666934379897,6.329542777379376,0.025891615464459353
0.18121537468091908,16.61692956651744,1.7466429536623909,12.707655581459287,0.02390188335153433
0.9451766569383437,14.57491983675398,1.3319221178831175,1.332884695592353,0.02736219895157698
0.05929965341668186,13.788267111628315,-1.6031390603158293,3.448394188382051,0.028723921367707655
-7.945437999241134,18.464544746788338,0.11106505760661323,5.851868754258819,0.0196440703934962
8.698497386981852,19.407402568510463,-1.6965625237564388,8.3050726111398,0.017809213521222354
3.03757357584972,19.863518526804285,0.06354150259387881,9.966074457796724,0.019860312607893307
7.326236658780648,15.346040198760043,1.2792920652770547,0.7583001437564935,0.02405458793876293
-6.863319744336039,19.279300344946904,1.6545558173685615,12.570051637213481,0.018768589374111105
9.072320238235818,15.577175182137593,-1.0114809642979679,7.75138726449185,0.020769435867888642
1.7618496950879852,12.597527362140754,-1.6380343776011537,3.542238829257875,0.030535722476075222
-0.8103367222974427,10.307755869472016,0.3638876799188058,10.826393039604307,0.038452804881469606
-8.07765653032233,13.951553974349459,-0.3948664068999026,13.96044856076294,0.02457190344816869
7.4198047333947095,13.024552362931018,-1.4959222923638382,10.375106368916638,0.02423234421878824
-4.626397043596546,13.946604766377916,1.6925788755926323,9.188145602263427,0.025814551458687315
7.893821348536502,18.46104873452112,-0.6212234963559311,7.2041724130579885,0.019429271541458442
7.369847380789757,17.49635627153271,1.6165512754287659,3.4057291116664237,0.02160144245162131
6.959267449017471,11.993164608027625,1.6697628433143792,4.363587221041087,0.03018123243706896
3.9130085100722933,18.029754473070327,1.522654966683092,12.911042832160721,0.021933273645680675
4.3237611941251295,13.471625128891247,-1.9238985039070609,0.9377769271903275,0.02659418068568049
-0.6113704732651932,17.325887984626064,0.6826463379339458,9.263328400215704,0.022961660291854723
-2.0941476954496103,10.998787356911716,1.4115747118684525,13.248481295076916,0.03447502076733502
7.479353605130065,12.734722429942975,0.7985295932861702,7.094844474992158,0.02729965549847573
7.783784608671269,12.657737710432542,-0.17752566497190791,12.668661441996734,0.02586130284505473
-6.753379960208166,16.041512755344062,-0.5339228610487705,5.164365292152551,0.023068712481209785
-0.36721320981776095,16.701472147681745,-1.5461189522753176,2.996646492505249,0.023827219887959463
9.271202835874242,10.732705477272177,-0.3741015966628747,12.976784147360899,0.024821374015973608
-6.95848742430988,13.209972745347239,1.8925543381538446,14.089744470721806,0.02412808295531252
-6.256788452523798,16.921141861393792,-0.1698175179635757,9.043031724422377,0.02209942499823433
5.0982582319142224,12.722990646428155,0.7145588310985698,2.2065278213280464,0.029548971588263147
-6.607821007513907,15.688374855154963,-0.8467602244167063,10.604538684907606,0.023771135862118157
4.637576673960774,19.856351049097555,-1.5342474863094342,11.257021886457883,0.01914395800228791
-0.8521388568660004,17.10191412304692,-0.4260327336902052,3.3964494167266324,0.023320107133110925
-2.4620781342379106,12.409590730158449,0.40326055649490034,7.910005722575402,0.031302262754754506
7.422377844200216,18.665209249754774,1.6583626915792986,8.773818258395597,0.020378357238474178
8.4609381947906,18.97274012404408,-1.6739390516793144,7.256651237605266,0.018231281055296884
4.904312952544817,13.458185087917737,-1.6297871144239586,14.27499520821978,0.026347376021447405
9.423029545219535,10.540065442833397,-1.1771938484961844,14.479715508588681,0.022826203573593537
-0.24459610898852802,19.72614222140082,0.8380799078009566,7.4464285235812335,0.020193601022755848
-9.410172330976538,14.138579058436555,-0.7349935105749754,1.727504995813451,0.023375023806587833
7.100445319846404,16.17483182694061,-1.0932874747683767,11.503097589801127,0.021694357624067653
-6.315815702610683,18.979134451985274,0.8736993836022982,8.14183355448985,0.019564710655006524
1.701029021070271,19.7295224499192,0.301005146378023,10.148798434623048,0.02016972884695217
-6.6016843183605145,18.13791626126283,1.1877303011325302,4.739189495400822,0.02005736621705473
-4.296253065882018,15.015867008553483,1.2306315655756914,12.630498061755148,0.024827990762434537
-2.7992788251831335,11.276137931412414,1.2617696192284198,9.594332366252479,0.033157721315786925
4.353482269404903,17.320384338504173,-1.7365234007754027,3.8509778561019137,0.02165244008584293
-1.0714973940174293,16.405760107461873,-0.07780852375824798,12.525537275603709,0.02427264300048342
7.562413700983527,13.288367988034334,0.29599270409442857,8.1139843575389,0.025852789673033935
6.555710379712938,11.20904249742097,0.40893819007029686,7.230706648789858,0.03062258155509122
0.22535741593738656,16.117033371972127,0.4486043315790753,3.826105308928331,0.024750461270550864
9.528336943370402,16.919740332832387,-0.26850341843963355,12.573565114303907,0.019939538218668826
9.172072766734384,14.501717857252668,0.7142866609861547,0.22959162216178053,0.023207443252761816
-3.9434106339122117,10.273760316201026,0.06711029044174222,13.469164227331268,0.035982440529284114
-0.35284712308073907,17.09294347268346,-0.811556716313973,5.990342162099472,0.023331186432839403
-4.244941457203309,11.537084723491223,-1.4706465024649762,10.567901441272067,0.033593675140941345
-0.7918682421798025,16.72215793329532,-1.2917927539680223,13.21527120988145,0.023846446202568778
8.021416916251155,19.118780860796385,0.6351912434540394,11.687289533437305,0.01936599732603203
-8.06757145840876,11.153964938522005,0.7292913043758706,4.223277181860773,0.02620674745753775
1.5442641675282367,13.776904915899728,-0.2013494047472073,11.69068145454627,0.028725807485417264
0.8237518946036797,19.622653995646598,1.2685118298932703,7.144030118701109,0.02032547784460677
-4.66924887117103,17.925113902057745,-1.8207715229116443,11.262174179477519,0.021976810583894533
1.3085957963324635,16.91084795482105,-1.259888349701781,5.1687990913391975,0.023320366836968105
-3.355398779950338,18.04779823649793,1.2131608633840232,8.776914298535502,0.021407770456987826
-6.286553977539466,19.228073962242767,0.5140067131964936,3.0275369265958374,0.019489990552131187
-3.7548422742038774,10.731546937328888,-0.8443221905403715,8.216015180363938,0.03583235164043821
7.613325984149743,18.647076390323686,0.024081232308764022,3.0164385935113787,0.019693830051140802
6.318084409949403,15.320759098941451,1.9623708360550012,14.825315039531887,0.02500796525503251
-4.057696502624588,15.355679314080852,1.2546574232076941,6.650198811575131,0.024471015450525345
-8.511662497345613,18.705212661023374,-1.162204675228201,8.967183840025553,0.019743523781959187
1.7565878793312564,19.48201493191557,0.43326308909125366,11.763177957608605,0.02043027936620849
8.306039388060501,10.247404503795371,-1.2205648140822403,12.36460803239557,0.02527101887812164
5.540837902720456,16.75092780969018,-0.24217591289172136,8.633705967544191,0.02243830056336124
-6.404118882605836,17.35747176700391,1.4451536180691713,4.6867627321735625,0.020749983115681846
5.9483086638350695,14.729368440542988,0.9864044887237124,12.45573096292635,0.02559078163529026
7.060668727496214,14.723511629028184,0.6722551048707235,7.175297990374767,0.02466141739907618
-8.134538975516543,18.918589352111795,-0.28237820753489373,8.232044645309779,0.019347021627959697
-1.4703489307715714,12.705105792852219,-0.023716250111600612,8.760550887115969,0.03119726683313266
8.691659746516933,10.450953900845223,-1.810140325287727,2.9132899590358123,0.02304033638574892
-4.757755725106065,12.897868032846578,0.3576829460229525,13.866909316854628,0.02859135794610797
6.724581743841128,19.64917403981028,-0.5725941545120743,8.35698027159386,0.018950350532811952
9.557783863553112,11.376823656813876,1.7444416293112495,14.856538861002262,0.02769929781156202
4.541967574209057,12.205785188018721,-1.4383622964725515,7.4307423893303195,0.028987855831569636
-7.5180742771441285,12.62643424535355,0.39885124935566996,10.810696493002558,0.025957281367293777
5.270329698065915,17.24067366811667,0.15538243371364358,4.334006510982805,0.022143326537528037
3.4003223469119384,19.665080918842634,1.6164998088947686,3.0978502229781384,0.020203544492239565
8.631251669823943,18.994469385314282,-0.641424536950185,8.96235688966535,0.01864373500445766
-8.589798023680643,18.3718183765009,0.04562659811591585,6.92781915106363,0.019443867497479592
6.655901772615316,16.415613626464438,1.7233434712221998,3.8887670880933785,0.023229889614812066
8.640469122257368,16.523210797168773,0.9549637676068654,1.841156277531546,0.021668852687610676
-4.041618000132063,17.39891711085889,1.5066353056809794,6.2859361681244055,0.021792480123000186
0.950959038147122,10.548064453969554,0.7781889317910875,2.832990885761482,0.03781629996673549
4.458539918065682,16.933419885284305,-0.7114726152789244,10.863943105639446,0.022486591684157342
6.401466557937294,15.507867759955328,-1.7368860963374706,2.560552957917857,0.022415836616437153
-4.555130172532451,10.917364246099,0.7343278623639566,8.647441024500408,0.03249519617253985
-3.1188272251902323,16.3107520322862,0.5537355110016726,3.8335923043144775,0.023846637976112632
-3.131873864212702,19.898096378692106,-0.6713956794200087,10.166609769954226,0.01989657345066373
3.28910204930299,10.666784511606064,1.533271896156167,5.336914307537609,0.03689714987871395
8.756274914573236,19.49470558740591,-1.0907396346614946,5.3860813744203915,0.018013196609285336
9.656224625009525,16.792408786809723,-1.2436896014204826,2.2842553558657492,0.019244511352548767
6.641407596370989,16.761216135730997,0.829786458269206,6.446063753313846,0.022412932781167478
6.5998383839266985,11.371840660091665,0.2981921805481327,7.452707014806289,0.030088358677192777
3.8892435274669612,14.248142879534784,1.5778089001083289,8.039876178011523,0.02763357057867107
-0.4991536392786493,15.783236316104876,1.8497578177038996,11.796916369876861,0.0249979592575639
0.8218451852837543,16.020224297522827,-0.3219366592055435,4.00211705799002,0.024839027362978536
-8.205433620791776,11.097443139799946,-0.6144210149597304,2.59227863025027,0.02845010155012014
-6.475830652041874,12.388144027187703,-0.2920834762288931,7.431683055419432,0.028431373399829363
8.76568481094305,14.857146246976765,-0.266197960497899,10.80633702117409,0.022321613288163053
0.22508622081144836,12.612054286927377,-1.7464376884645008,10.423859505447274,0.031247695658252517
-7.7620114159443565,15.14422174267133,0.37572752713132695,13.147614660204399,0.02280148086253799
8.143479823465249,17.334714453256247,1.6350162066300653,3.2356956892807847,0.02144778004456482
1.5494971279788814,19.94311208108993,-1.1967489715015058,12.991093556923481,0.019815247691547896
8.690065665625276,15.002055268064366,-1.7719661511279998,11.458892421135056,0.02085231183787199
1.2036201865602099,12.308033722649352,0.7622907710613944,13.129560402039026,0.03239233061844446
-6.084453981167519,19.028982466388676,1.2110785672847646,8.524410690530756,0.019479436466881713
0.5869657184089441,14.341830748201843,1.7103257234584603,2.050036632467557,0.02773149168828886
-7.9042738537826835,14.968233354389747,-1.4345380523916154,14.61302893276765,0.02427567231596516
-3.855577822161713,15.494284402486102,0.8161710010872985,4.184515232267369,0.024603534012195522
5.344220589240862,19.44009543413214,0.15678460981736553,6.796062474682145,0.019803856336345373
-8.597857773524058,13.187697665806795,-0.16988602984951218,8.334218067986269,0.024663435250792058
-2.8566302557846885,15.080804851692807,0.725799278976742,3.980464123094455,0.025717694524258906
-4.770947086039645,16.277556853862677,0.15253659801914798,12.216595435978443,0.023412854540109152
2.683997168691848,18.267430263422742,-1.3831760898907923,3.982528271991659,0.021304352224735174
3.727513566343516,14.356094634638037,0.4291497318752344,4.834287319949941,0.0270652016716782
-0.09537080838704703,18.87706190854309,-0.9281721853287928,8.804412466710323,0.0211131497404831
-3.8562483639761673,18.40655668579493,-1.9990368452493135,12.11526278362775,0.0215638748326544
4.120798773655277,13.838113792580913,-0.08168291100287783,2.937699359958498,0.027530008136872224
0.18869611270227082,10.815990495522293,-1.4628827500640011,5.023356885053223,0.03645697445852127
-5.864931546306378,18.73155094671616,-1.5208561281674706,8.268215344873678,0.02073277518091501
7.159840686336196,15.254368141528362,-0.8212991916702443,13.088425448949675,0.02280728175328232
2.7183858341502276,14.199858980770804,-0.4676359674167152,12.90632444136685,0.027396459028800762
2.254751344200942,19.427852386918307,-0.47831981614707253,10.055334960249438,0.02033236337101921
9.353405398078657,16.421562604999508,1.1492689796919828,10.016918303056306,0.02144354615601363
0.46685580843997876,16.21402306854418,-0.2329349234424667,12.10100579181472,0.024581862665118557
-1.8696046738470926,13.409110710941746,0.23871633978015927,11.473318574108458,0.029386096459703106
3.4541287511555794,11.186871998981964,-1.6335646561092396,7.81872949395752,0.03215790116328112
8.686359977167161,11.387936102105076,0.6258844519097271,9.90931346911771,0.02726941932295922
-2.228697406171287,17.039382240135755,-1.509045910058179,2.9189769059297337,0.023392082205559033
-6.922000766585796,18.014505900117605,-0.506424542595667,1.493542681927148,0.020784837449326424
-0.14376682368390625,17.91150242831543,1.6519922377953442,1.3459177052300197,0.022161307910849654
-3.5208707349281143,11.69117362284574,1.014192555432896,5.500454619937577,0.031650295412548886
-1.8389652459829833,19.13132910306141,-0.19851031419302512,3.2588680431397954,0.020776306139107418
4.593193514557804,18.735645011307543,-0.9994843614481059,5.502051075635052,0.020365379207593043
7.8186185258411705,10.377309284184825,-1.7598229689702505,14.077886994093708,0.02510869412744285
5.671484729691265,12.662870166499724,-0.5965987341611565,10.754638749777342,0.027872250835784172
-1.764741460698394,12.769276323802458,-1.3382155790792734,2.542739920160122,0.031224932164053268
0.0277063995879967,12.337176829683411,-1.5154686631748424,5.1048086611811,0.032084614519595114
-1.0001967688784763,12.896131650363834,0.6613614271494757,4.484444672612485,0.030679334140677403
-5.060503640722535,18.252452971404175,1.4923349039423792,4.4888576048908,0.020492780956766862
-5.499834460612572,19.287984015839484,1.0358330423240951,2.7586266667354797,0.019529495836717932
7.827537191678047,18.698195534448217,-0.33078962248474797,12.84987593467379,0.019398655917333557
2.6377129748811754,19.340559086585213,-0.7950827866251879,12.539893052152628,0.020304867413706355
5.602881706349592,10.069235060632094,0.418169550981061,0.04671616689868263,0.034700974717174086
-1.9698161178991302,17.19969210663843,-1.9194711366007726,9.926448997334143,0.023194634467647433
-6.92688500558533,18.076949693866677,-1.5429679585267877,14.079062770186571,0.02111168731195986
5.093749638475458,15.613717293525326,-1.2872051081627474,5.554177598201287,0.02350372180963098
8.297979103893958,19.119781046107477,0.7882929741576419,3.70282199648197,0.019316486488821023
-8.605139801846144,17.261563342573588,0.040805671023937506,13.669393800751914,0.02038694747217615
7.785086156183752,13.57086459906819,-0.6872106237838338,11.260051335621995,0.02419185577845291
-3.337518446997456,13.564370264431414,0.07622803562771097,0.8595015589743915,0.028494221249501992
9.416345798909468,15.24058571269932,1.9152905228534753,4.297642866943631,0.02319034439995624
-2.1486349496101216,11.488439986525584,-0.1520958196636948,7.390763388628763,0.03420509159421951
5.995725812337332,13.771876819035084,1.8501373137917034,13.298987801358495,0.02768476058142736
-4.353037346179278,11.347331100281902,0.43556238616988585,7.852408744194622,0.032162179342056826
7.308982642425839,19.226064115695735,-1.7449448224287973,1.6028312347756146,0.018572227485385222
-7.197379215569384,11.110912494520802,0.4207637225627474,11.556294514636813,0.028384249521932817
-6.414026921893036,10.617080902270361,1.6212657311330747,7.3335429534384895,0.02821797373110313
-0.300326763097571,15.229187821473314,-1.9167899802556678,6.891338142076828,0.026048750422370294
8.256182206750868,12.651855054303418,-0.9519771457073403,5.91701990582068,0.024195301626682972
7.521058208222506,18.478701288999307,-0.3294613407299152,2.581944593889354,0.01972630057488244
2.8880912333680637,17.434688895697228,-0.8903031729435513,10.506439811399815,0.022351015780830884
-5.570911275475659,17.839341419318906,0.06972801691910213,2.5496419926177163,0.021272648922760897
-7.796997434879183,10.393437101608482,1.163532994054322,1.392085432509147,0.026469816678759063
-4.862004307016061,17.909350362112615,-0.791759851109628,9.827147469503757,0.0217077241508668
2.0539572205918883,12.185302606284532,-1.0737915449720323,14.219453950444546,0.03167866356782957
9.27187182093359,17.866355327795226,-1.4869766663806545,8.724079275371695,0.0186264776112604
-1.7396349053736913,10.840056222423307,1.1473136926822263,0.5898798009640921,0.035520314849994426
8.898643824796913,10.48223263454547,-1.244497241120989,13.193537720489939,0.023830374143457494
9.188969280114307,10.898497636822695,1.2078817129682107,8.367877475489882,0.02799573677861706
-9.369310600905461,16.19961758213524,1.6106811022198713,3.0987710889090443,0.01957253395019316
-0.028220866365739283,18.80396699067606,0.472092234953724,2.7694325313904256,0.021208349056348778
2.6827357558547895,17.777871167680964,-1.7415239870868855,8.829144293275325,0.021756134916054277
1.2515850906851274,16.304720909483635,-0.7797262264292786,3.055455699556453,0.02427874889636527
2.277654565551062,13.516317675924828,1.355419193881314,8.464631221242824,0.029446978910683194
0.34569066248528024,16.12498554369779,1.9913301689187097,13.404618609640842,0.02461212338588598
3.7907828083312722,19.56256766094132,1.7048409625370868,10.438050886415994,0.020277541036204882
7.718481623612931,16.66249936748472,1.1627157465183249,10.289791273834759,0.02215929125663516
3.023394946485487,14.313732230743941,-0.046332775811773974,8.39426040007748,0.027237664973494294
-3.3465445454986416,14.970355838029047,-0.40391591732909626,12.432298173170167,0.02613893936591129
7.99595190360359,10.418348739622978,0.643951932267036,8.695529011705597,0.029852167213051638
-0.9846574780418287,19.780962760583165,-1.8232641591818495,8.158215657671015,0.02014987519998331
-8.348254742176636,12.386825811345973,0.9472709259610967,4.772311487195206,0.02430314667978217
4.992937144338656,18.829926599042714,-0.9250094959539004,13.730923369271078,0.020165678026254838
6.861573310491721,10.318220720000225,-0.5898972472994028,1.2686349027440424,0.029789124569109354
-0.2867319126085288,17.237677310651236,0.5576066649647777,14.984133181131739,0.023115874530881327
9.120063116302688,12.751163980648869,-0.9616796306761461,14.681323940599482,0.022888355954496564
-5.3822678491636005,16.206643807260598,0.17737650277046235,13.329614061971787,0.023209339753014917
-2.6757309732411265,14.146739482714127,0.048918941945971905,10.942278876386508,0.02768208237829466
-3.5091869098765667,13.79179375910512,0.16901860208246644,10.963828424174231,0.027915436479143615
8.02517271086758,15.011137774974117,-1.382894722520009,14.143026091552507,0.02183738333806796
2.0320174310483026,12.002352090346864,1.8794950711868874,13.84770294638926,0.03323599132443518
3.5427076053261537,15.165890611569335,0.9468737790099304,9.350762117930929,0.025922713516718262
-9.13835460163974,16.992505847379768,1.0608773228955113,14.783747976535125,0.019607510040127563
-0.6650673909038609,13.173501760202031,-1.006806883139432,1.2151060188175427,0.030273504689177326
-5.148975209253135,11.598912396853288,0.8538853729663805,12.664748617674771,0.030083696906714096
1.0119843821200583,17.42628478962781,-0.8360699129135511,8.814782342907117,0.02276476116866357
6.667834815016729,11.982822285187742,0.2902266584219424,7.718245290707425,0.028896157463185353
6.3854266555811705,16.90622335916329,0.32963380614368143,5.943451355382278,0.022131051599370257
-4.572861377843354,12.634628128606545,1.1418580684207233,6.3210178238975265,0.028505157350647653
-7.05637334148199,12.12366271565239,-1.530692958707438,14.783907553156617,0.02965976768881882
2.3387609458155882,16.49865228106786,0.945296921797536,12.70780036267044,0.024094205225941308
-3.856217716399475,19.24264695203964,0.280288570552639,9.66985970404382,0.020258665735237043
-5.758380099862794,19.47598755484726,1.02910586542803,3.6484367911077342,0.019276880090821073
